{
  "imported_counts": {
    "train": 12,
    "dev": 0,
    "test": 5
  },
  "merged_counts": {
    "train": 28,
    "dev": 16,
    "test": 21
  },
  "base_eval": {
    "model": "base",
    "model_path": "models/Qwen2.5-1.5B-Instruct",
    "adapter_path": null,
    "model_variant": "base",
    "per_task": {
      "analysis_gen": {
        "format_compliance": 1.0,
        "field_completeness": 0.6666666666666666,
        "schema_match": 0.8333333333333333
      },
      "doc_qa": {
        "exact_match": 1.0,
        "token_f1": 1.0,
        "grounding_rate": 1.0
      },
      "fin_summary": {
        "rouge1": 0.6278195488721805,
        "rouge2": 0.45727969348659003,
        "rougeL": 0.5733977801646976,
        "keypoint_coverage": 0.5540697674418604
      }
    },
    "error_analysis": {
      "error_distribution": {
        "partial_match": 2,
        "format_violation": 2
      },
      "total_errors": 4,
      "total_samples": 4,
      "error_rate": 1.0,
      "examples": {
        "partial_match": [
          {
            "sample_id": 0,
            "task": "analysis_gen",
            "input": "{\"company\": \"\u6d77\u5929\u5473\u4e1a\", \"period\": \"2025\u5e74Q3\u5b63\u5ea6\", \"revenue\": \"2716.0\u4ebf\u5143\", \"yoy_growth\": \"-17.9%\", \"net_income\": \"2835.7\u4ebf\u5143\", \"margin\": \"19.7%\", \"segment_highlight\": \"\u6d88\u8d39\u677f\u5757\u6536\u5165\u4e0b\u964d17.2%\"}",
            "prediction": "In the third quarter of 2025, our flagship brand, \u6d77\u5929\u5473\u4e1a\uff0c\u5b9e\u73b0\u4e86\u603b\u8425\u65362716.0\u4ebf\u5143\uff0c\u8f83\u53bb\u5e74\u540c\u671f\u4e0b\u6ed1\u4e8617.9%\uff0c\u663e\u793a\u51fa\u5e02\u573a\u73af\u5883\u7684\u6311\u6218\u3002\u5c3d\u7ba1\u6574\u4f53\u4e1a\u7ee9\u6709\u6240\u4e0b\u6ed1\uff0c\u4f46\u516c\u53f8\u4ecd\u4fdd\u6301\u4e86\u8f83\u9ad8\u7684\u51c0\u5229\u6da6\u6c34\u5e73\uff0c\u8fbe2835.7\u4ebf\u5143\uff0c\u51c0\u5229\u6da6\u7387\u7a33\u5b9a\u572819.7%\u3002\u503c\u5f97\u6ce8\u610f\u7684\u662f\uff0c\u516c\u53f8\u7684\u6d88\u8d39\u677f\u5757\u6536\u5165\u51fa\u73b0\u4e86\u663e\u8457\u4e0b\u964d\uff0c\u540c\u6bd4\u4e0b\u964d\u4e8617.2%\uff0c\u8fd9\u53ef\u80fd\u53cd\u6620\u4e86\u5e02\u573a\u9700\u6c42\u7684\u53d8\u5316\u6216\u7ade\u4e89\u52a0\u5267\u7684\u5f71\u54cd\u3002\u5c55\u671b\u672a\u6765\uff0c\u6211\u4eec\u9700\u5bc6\u5207\u5173\u6ce8\u884c\u4e1a\u52a8\u6001\u548c\u6d88\u8d39\u8005\u884c\u4e3a\u53d8\u5316\uff0c\u4ee5\u8c03\u6574\u7b56\u7565\uff0c\u5e94\u5bf9\u5e02\u573a\u7684\u4e0d\u786e\u5b9a\u6027\u3002",
            "reference": "\u6d77\u5929\u5473\u4e1a2025\u5e74Q3\u5b63\u5ea6\u5b9e\u73b0\u8425\u4e1a\u6536\u51652716.0\u4ebf\u5143,\u540c\u6bd4\u4e0b\u6ed117.9%\u3002\u51c0\u5229\u6da6\u8fbe\u52302835.7\u4ebf\u5143,\u5229\u6da6\u7387\u4e3a19.7%\u3002\u6d88\u8d39\u677f\u5757\u6536\u5165\u4e0b\u964d17.2%,\u9762\u4e34\u4e00\u5b9a\u7ecf\u8425\u538b\u529b\u3002\u5c55\u671b\u672a\u6765,\u6210\u672c\u4f18\u5316\u63aa\u65bd\u6709\u671b\u5e2e\u52a9\u7a33\u5b9a\u5229\u6da6\u6c34\u5e73\u3002"
          },
          {
            "sample_id": 1,
            "task": "doc_qa",
            "input": "Context: On 2023-02-15, Adobe Inc. announced the appointment of Lisa Wang as the new CEO, replacing James Miller who served in the role for 10 years. The board cited the need for fresh leadership to n...",
            "prediction": "{\n  \"answer\": \"10 years\",\n  \"evidence_span\": \"James Miller who served in the role for 10 years\"\n}",
            "reference": "{\"answer\": \"10 years\", \"evidence_span\": \"10 years\"}"
          }
        ],
        "format_violation": [
          {
            "sample_id": 2,
            "task": "fin_summary",
            "input": "\u4e07\u79d1A\u53d1\u5e03\u4e862025\u5e74Q3\u5b63\u5ea6\u4e1a\u7ee9\u62a5\u544a\u3002\u62a5\u544a\u671f\u5185,\u516c\u53f8\u5b9e\u73b0\u8425\u4e1a\u6536\u51651479.7\u4ebf\u5143,\u540c\u6bd4\u4e0b\u964d34.3%\u3002\u5f52\u5c5e\u4e8e\u4e0a\u5e02\u516c\u53f8\u80a1\u4e1c\u7684\u51c0\u5229\u6da6\u4e3a3292.9\u4ebf\u5143,\u8425\u4e1a\u6536\u5165\u4e3a10.7%\u3002\u516c\u53f8\u6838\u5fc3\u4e1a\u52a1\u4fdd\u6301\u7a33\u5065\u589e\u957f,\u4f46\u4e5f\u9762\u4e34\u6d88\u8d39\u9700\u6c42\u653e\u7f13\u7b49\u6311\u6218\u3002\u7ba1\u7406\u5c42\u8868\u793a\u5c06\u6301\u7eed\u52a0\u5927\u7814\u53d1\u6295\u5165,\u63a8\u52a8\u6709\u5229\u7684\u653f\u7b56\u73af\u5883\u53d8\u5316\u3002\u671f\u95f4\u8d39\u7528\u7387\u6709\u6240\u4f18\u5316,\u7ecf\u8425\u73b0\u91d1\u6d41\u4fdd\u6301\u5065\u5eb7\u6c34\u5e73\u3002",
            "prediction": "```json\n{\n  \"summary\": \"\u4e07\u79d1A\u53d1\u5e032025\u5e74\u7b2c\u4e09\u5b63\u5ea6\u4e1a\u7ee9\uff0c\u8425\u6536\u548c\u5229\u6da6\u5747\u4e0b\u964d\uff0c\u4f46\u6838\u5fc3\u4e1a\u52a1\u7a33\u5065\u589e\u957f\u3002\",\n  \"key_points\": [\n    \"\u8425\u4e1a\u6536\u51651479.7\u4ebf\u5143\uff0c\u540c\u6bd4\u51cf\u5c1134.3%\",\n    \"\u5f52\u5c5e\u4e8e\u4e0a\u5e02\u516c\u53f8\u80a1\u4e1c\u7684\u51c0\u5229\u6da63292.9\u4ebf\u5143\uff0c\u540c\u6bd4\u589e\u957f10.7%\"\n  ],\n  \"risks\": [\n    \"\u6d88\u8d39\u9700\u6c42\u653e\u7f13\"\n  ],\n  \"opportunities\": [\n    \"\u6301\u7eed\u52a0\u5927\u7814\u53d1\u6295\u5165\uff0c\u63a8\u52a8\u6709\u5229\u7684\u653f\u7b56\u73af\u5883\u53d8\u5316\"\n  ]\n}\n```",
            "reference": "{\"summary\": \"\u4e07\u79d1A2025\u5e74Q3\u5b63\u5ea6\u5b9e\u73b0\u8425\u65361479.7\u4ebf\u5143,\u540c\u6bd4\u4e0b\u964d34.3%\u3002\u51c0\u5229\u6da6\u4e3a3292.9\u4ebf\u5143\u3002\u516c\u53f8\u6838\u5fc3\u4e1a\u52a1\u8868\u73b0\u7a33\u5065\u3002\", \"key_points\": [\"\u8425\u4e1a\u6536\u51651479.7\u4ebf\u5143,\u540c\u6bd4\u4e0b\u964d34.3%\", \"\u51c0\u5229\u6da63292.9\u4ebf\u5143\", \"\u8425\u4e1a\u6536\u5165\u4e3a10.7%\", \"\u6301\u7eed\u52a0\u5927\u7814\u53d1\u6295\u5165\"], \"risks\": [\"\u6c47\u7387\u6ce2\u52a8\u98ce\u9669\", \"\u6d88\u8d39\u9700\u6c42\u653e\u7f13\"], \"opportunities\": [\"AI\u89e3\u51b3\u65b9\u6848\u9700\u6c42\u589e\u957f\", \"\u6709\u5229\u7684\u653f\u7b56\u73af\u5883\u53d8\u5316\"]}"
          },
          {
            "sample_id": 3,
            "task": "fin_summary",
            "input": "Meta Platforms reported Q4 2023 financial results. Total revenue reached $113.5 billion, representing a 30.3% increase year-over-year. Net income came in at $23.3 billion, with gross_margin at 6.9%. T...",
            "prediction": "```json\n{\n  \"summary\": \"Meta Platforms reported robust Q4 2023 financials, achieving a 30.3% revenue growth and net income of $23.3 billion, driven by strong performance across core business segments.\",\n  \"key_points\": [\n    \"Total revenue: $113.5 billion (30.3% YOY)\",\n    \"Net Income: $23.3 billion...",
            "reference": "{\"summary\": \"Meta Platforms delivered Q4 2023 results with revenue of $113.5 billion, a 30.3% YoY increase. Net income reached $23.3 billion. Management raised guidance for the full year.\", \"key_points\": [\"Revenue of $113.5 billion (30.3% YoY growth)\", \"Net income at $23.3 billion\", \"gross_margin at..."
          }
        ]
      },
      "per_task_errors": {
        "analysis_gen": {
          "partial_match": 1
        },
        "doc_qa": {
          "partial_match": 1
        },
        "fin_summary": {
          "format_violation": 2
        }
      }
    }
  },
  "flywheel_eval": {
    "model": "flywheel_tuned",
    "model_path": "models/Qwen2.5-1.5B-Instruct",
    "adapter_path": "experiments/flywheel_demo/workspace/tuned_adapter/adapter",
    "model_variant": "flywheel_tuned",
    "per_task": {
      "analysis_gen": {
        "format_compliance": 1.0,
        "field_completeness": 0.6666666666666666,
        "schema_match": 0.8333333333333333
      },
      "doc_qa": {
        "exact_match": 1.0,
        "token_f1": 1.0,
        "grounding_rate": 1.0
      },
      "fin_summary": {
        "rouge1": 0.6477525589675122,
        "rouge2": 0.4238095238095238,
        "rougeL": 0.6145972407654651,
        "keypoint_coverage": 0.5075581395348837
      }
    },